metric,mean_urban,mean_non_urban,kruskal_season_p,mannwhitney_urban_p
total_hits_cpm,355.2307692307692,326.02307692307687,0.0017554514129786067,1.0
genus_richness,477.6666666666667,432.6666666666667,0.0018075381933252376,0.49754901960784315
genus_shannon,4.512177227927133,4.448781776617056,0.13009716505472319,0.823529411764706
family_shannon,0.8882621893936005,0.8664546392446731,0.6563555554708418,0.4264705882352941
