feature,mean_cpm,mean_urban,mean_non_urban,kruskal_season_p,mannwhitney_urban_p,kruskal_season_q,mannwhitney_urban_q
Cutinase_like,146.34615384615387,154.56410256410257,144.70256410256408,0.0011321625308771787,1.0,0.0024100509244336502,1.0
MHETase_like,16.444444444444446,18.102564102564102,16.112820512820512,0.0016080250370984956,0.7377450980392157,0.0024100509244336502,1.0
AlkB,167.2457264957265,181.28205128205127,164.43846153846155,0.0018075381933252376,1.0,0.0024100509244336502,1.0
PETase_like,0.8547008547008548,1.2820512820512822,0.7692307692307693,0.009440875008232746,0.1549184514050921,0.009440875008232746,0.6196738056203684
