axis,proportion_explained
PCo1,0.6886325706133546
PCo2,0.07257846920145361
PCo3,0.052477625812445285
