axis,proportion_explained
PCo1,0.9294211814826163
PCo2,0.04503553686284897
PCo3,0.008622555457066252
