metric,mean_urban,mean_non_urban,kruskal_season_p,mannwhitney_urban_p
total_hits_cpm,938.1923076923076,943.8948717948717,0.7254911300254645,1.0
genus_richness,673.3333333333334,643.7333333333333,0.37275194578771115,0.5735294117647058
genus_shannon,4.5447388050809865,4.494170133515298,0.11960770557027202,0.911764705882353
family_shannon,0.8682466025659186,0.8522165168482427,0.19850141223871468,0.4264705882352941
