feature,mean_cpm,mean_urban,mean_non_urban,kruskal_season_p,mannwhitney_urban_p,kruskal_season_q,mannwhitney_urban_q
Cutinase_like,475.5448717948718,476.2435897435898,475.40512820512834,0.07942876181469812,0.7377450980392157,0.3149254123867526,0.911764705882353
PETase_like,3.132478632478632,3.743589743589744,3.01025641025641,0.12597016495470104,0.2858228345685392,0.3149254123867526,0.911764705882353
MHETase_like,42.380341880341874,44.91025641025641,41.87435897435897,0.28193411464691154,0.5735294117647058,0.4698901910781859,0.911764705882353
Polyesterase_like,0.0064102564102564,0.012820512820512801,0.00512820512820512,0.42741493194872726,0.4635605301484502,0.5342686649359091,0.911764705882353
AlkB,421.8803418803419,413.28205128205127,423.6,0.6222488382952285,0.911764705882353,0.6222488382952285,0.911764705882353
