axis,proportion_explained
PCo1,0.703632435490715
PCo2,0.12175349496234328
PCo3,0.0672832063867758
