axis,proportion_explained
PCo1,0.300235635392933
PCo2,0.2035067828713215
PCo3,0.13702058645369336
